t_s,n_birds,n_huddles,n_inactive,body_len_px
0.0,26,1,0,88.6
2.0,26,1,0,88.6
4.0,26,1,0,88.1
6.0,25,1,0,88.1
8.0,26,1,0,86.8
10.0,26,1,0,87.4
12.0,26,1,0,86.8
14.0,26,1,0,86.8
16.0,26,1,0,86.8
18.0,26,1,0,87.4
20.0,26,1,0,86.8
22.0,26,1,0,86.8
24.0,26,1,0,86.8
26.0,26,1,0,86.8
28.0,24,1,0,86.8
30.0,25,1,0,86.8
32.0,26,1,0,86.8
34.0,26,1,0,87.0
36.0,26,1,0,87.0
38.0,26,1,0,87.2
40.0,26,1,0,87.0
42.0,26,1,0,87.0
44.0,26,1,0,86.8
46.0,26,1,0,86.8
48.0,26,1,0,86.8
50.0,26,1,0,86.8
52.0,26,1,0,86.8
54.0,26,1,0,86.8
56.0,26,1,0,86.6
58.0,26,1,0,86.6
60.0,25,1,0,86.6
62.0,25,1,0,86.6
64.0,25,1,0,86.4
66.0,26,1,0,86.4
68.0,26,1,0,86.1
70.0,25,1,0,86.1
72.0,26,1,0,86.1
74.0,26,1,0,86.1
76.0,26,3,0,86.1
78.0,25,2,0,86.1
80.0,25,2,0,86.1
82.0,24,2,0,86.1
84.0,25,2,0,86.1
86.0,24,1,0,86.4
88.0,24,1,0,86.4
90.0,25,1,0,86.5
92.0,26,1,0,86.5
94.0,26,1,0,86.5
96.0,26,1,0,86.5
98.0,26,1,0,86.5
100.0,26,1,0,86.4
102.0,26,1,0,86.4
104.0,22,0,0,86.4
106.0,25,2,0,86.5
108.0,25,3,0,86.4
110.0,23,2,0,86.5
112.0,26,2,0,86.4
114.0,26,2,0,86.5
116.0,24,2,0,86.5
118.0,25,2,0,86.6
120.0,24,2,14,86.6
122.0,25,2,15,86.6
124.0,24,2,15,86.6
126.0,24,2,15,86.6
128.0,24,2,16,86.6
130.0,23,3,15,86.6
132.0,25,2,15,86.5
134.0,26,3,14,86.5
136.0,25,3,14,86.4
138.0,24,3,14,86.5
140.0,24,3,14,86.5
142.0,26,3,14,86.6
144.0,26,3,14,86.6
146.0,23,2,14,86.6
148.0,25,2,15,86.6
150.0,24,3,16,86.6
152.0,24,2,15,86.6
154.0,26,4,15,86.6
156.0,26,4,15,86.6
158.0,26,4,15,86.6
160.0,21,2,13,86.6
162.0,25,4,14,86.6
164.0,24,3,14,86.5
166.0,25,3,14,86.5
168.0,25,4,13,86.4
170.0,26,4,13,86.4
172.0,26,3,13,86.3
174.0,26,3,13,86.3
176.0,24,3,12,86.3
178.0,25,4,12,86.4
180.0,26,3,11,86.4
182.0,24,3,11,86.5
184.0,24,2,11,86.5
186.0,25,2,12,86.6
188.0,25,2,12,86.6
190.0,23,2,11,86.6
192.0,23,2,11,86.6
194.0,24,2,11,86.7
196.0,24,2,11,86.7
198.0,23,2,11,86.7
200.0,23,2,9,86.7
202.0,23,2,9,86.8
204.0,24,2,9,86.8
206.0,23,1,8,86.8
208.0,24,2,9,86.8
210.0,25,2,10,86.8
212.0,23,2,11,86.8
214.0,25,2,10,86.8
216.0,24,2,8,86.8
218.0,22,1,8,86.9
220.0,24,2,8,86.9
222.0,22,1,7,86.9
224.0,25,2,7,86.9
226.0,23,2,7,86.9
228.0,21,1,7,86.9
230.0,22,1,7,87.0
232.0,23,1,6,87.0
234.0,25,1,7,87.0
236.0,24,1,6,87.0
238.0,23,1,5,87.0
240.0,25,1,5,87.0
242.0,23,1,5,87.1
244.0,26,2,4,87.1
246.0,24,2,3,87.1
248.0,25,2,3,87.1
250.0,24,1,4,87.1
252.0,24,1,6,87.1
254.0,23,2,6,87.2
256.0,25,2,6,87.2
258.0,25,3,6,87.2
260.0,24,1,6,87.2
262.0,23,1,6,87.2
264.0,23,1,6,87.2
266.0,25,1,6,87.2
268.0,23,1,5,87.2
270.0,24,1,6,87.2
272.0,24,2,6,87.2
274.0,24,2,6,87.3
276.0,26,2,6,87.3
278.0,25,1,6,87.4
280.0,23,0,5,87.4
282.0,23,1,5,87.4
284.0,22,1,5,87.4
286.0,23,2,4,87.5
288.0,23,2,5,87.5
290.0,22,2,5,87.5
292.0,24,3,5,87.5
294.0,22,2,6,87.5
296.0,22,2,6,87.5
298.0,24,3,6,87.5
300.0,23,2,5,87.5
302.0,25,2,5,87.6
304.0,26,2,5,87.6
306.0,25,1,5,87.7
308.0,23,1,5,87.7
310.0,22,1,5,87.7
312.0,23,2,5,87.7
314.0,23,2,4,87.9
316.0,25,2,4,87.9
318.0,23,1,5,87.9
320.0,25,2,5,87.9
322.0,23,2,5,88.0
324.0,26,2,5,88.0
326.0,24,2,5,88.0
328.0,23,2,5,88.0
330.0,25,2,5,88.1
332.0,25,2,5,88.1
334.0,27,1,5,88.1
336.0,25,2,5,88.1
338.0,25,1,5,88.2
340.0,25,3,4,88.1
342.0,24,3,2,88.2
344.0,23,3,3,88.2
346.0,23,3,2,88.2
348.0,24,3,2,88.2
350.0,25,3,2,88.2
352.0,25,3,2,88.2
354.0,22,3,2,88.3
356.0,22,2,2,88.2
358.0,23,2,2,88.3
360.0,19,2,1,88.3
362.0,20,2,2,88.3
364.0,24,2,2,88.2
366.0,21,2,2,88.2
368.0,23,2,2,88.2
370.0,23,2,3,88.2
372.0,24,2,3,88.2
374.0,23,2,3,88.2
376.0,22,2,3,88.2
378.0,23,3,3,88.2
380.0,22,2,3,88.2
382.0,24,2,3,88.2
384.0,24,2,3,88.2
386.0,22,2,3,88.3
388.0,22,2,3,88.3
390.0,24,2,3,88.3
392.0,23,2,3,88.3
394.0,24,2,3,88.3
396.0,25,2,4,88.3
398.0,23,1,2,88.3
400.0,24,1,2,88.3
402.0,24,1,2,88.3
404.0,21,1,2,88.3
406.0,23,1,2,88.3
408.0,23,1,2,88.3
410.0,23,1,2,88.3
412.0,24,1,3,88.3
414.0,25,2,3,88.3
416.0,24,2,3,88.3
418.0,25,2,2,88.5
420.0,24,1,2,88.3
422.0,25,2,3,88.3
424.0,25,2,2,88.3
426.0,21,1,2,88.3
428.0,23,1,2,88.3
430.0,21,1,2,88.5
432.0,23,2,2,88.5
434.0,24,2,2,88.5
436.0,23,2,3,88.3
438.0,22,2,3,88.3
440.0,21,2,4,88.3
442.0,23,3,4,88.5
444.0,26,3,5,88.5
446.0,25,3,5,88.5
448.0,25,3,5,88.3
450.0,25,3,5,88.5
452.0,25,3,5,88.5
454.0,25,3,5,88.5
456.0,23,3,5,88.5
458.0,25,3,5,88.5
460.0,22,2,5,88.5
462.0,24,2,5,88.5
464.0,23,2,5,88.5
466.0,23,2,5,88.6
468.0,22,2,5,88.6
470.0,24,2,6,88.6
472.0,24,2,7,88.6
474.0,24,2,7,88.7
476.0,24,2,8,88.7
478.0,24,2,7,88.7
480.0,24,2,7,88.7
482.0,22,2,7,88.7
484.0,24,2,10,88.7
486.0,24,2,10,88.7
488.0,24,2,11,88.7
490.0,22,3,11,88.7
492.0,25,2,11,88.7
494.0,21,2,10,88.7
496.0,23,2,10,88.7
498.0,24,2,11,88.8
500.0,22,2,10,88.8
502.0,23,2,10,88.8
504.0,21,2,11,88.8
506.0,24,2,11,88.8
508.0,23,2,12,88.8
510.0,23,2,13,89.0
512.0,21,2,11,89.0
514.0,21,2,12,89.0
516.0,21,3,12,89.0
518.0,22,3,11,89.0
520.0,23,3,12,89.0
522.0,24,3,12,89.0
524.0,23,2,11,89.0
526.0,22,3,11,89.0
528.0,19,2,10,89.0
530.0,20,2,9,89.1
532.0,22,3,9,89.1
534.0,24,2,9,89.1
536.0,24,3,9,89.1
538.0,22,2,9,89.1
540.0,25,2,9,89.1
542.0,24,2,10,89.1
544.0,23,3,9,89.1
546.0,23,3,9,89.1
548.0,23,3,10,89.1
550.0,26,3,10,89.2
552.0,23,3,10,89.2
554.0,26,3,10,89.2
556.0,25,3,10,89.2
558.0,24,3,10,89.3
560.0,24,3,10,89.3
562.0,26,3,11,89.3
564.0,26,2,11,89.3
566.0,25,3,11,89.3
568.0,25,2,11,89.3
570.0,23,2,10,89.4
572.0,25,3,11,89.4
574.0,23,3,11,89.4
576.0,26,3,11,89.4
578.0,25,3,11,89.4
580.0,25,3,11,89.4
582.0,24,3,11,89.4
584.0,24,3,10,89.4
586.0,25,3,10,89.5
588.0,25,3,10,89.5
590.0,26,4,10,89.6
592.0,24,3,9,89.6
594.0,25,4,10,89.6
596.0,25,4,10,89.5
598.0,25,4,10,89.6
600.0,25,4,10,89.6
602.0,25,3,10,89.6
604.0,26,3,10,89.5
606.0,25,3,10,89.6
608.0,25,3,10,89.5
610.0,24,3,10,89.5
612.0,25,3,9,89.5
614.0,22,3,8,89.5
616.0,23,3,8,89.4
618.0,24,3,8,89.4
620.0,25,3,8,89.4
622.0,22,3,8,89.4
624.0,22,2,7,89.4
626.0,22,4,7,89.4
628.0,18,2,6,89.4
630.0,23,2,6,89.4
632.0,21,2,6,89.3
634.0,24,2,6,89.3
636.0,25,3,6,89.3
638.0,24,3,6,89.3
640.0,26,3,6,89.3
642.0,24,3,6,89.4
644.0,26,3,6,89.4
646.0,26,3,7,89.4
648.0,25,3,7,89.3
650.0,25,3,7,89.3
652.0,26,3,7,89.3
654.0,26,3,7,89.3
656.0,25,3,7,89.3
658.0,26,3,7,89.3
660.0,26,3,8,89.2
662.0,24,3,8,89.2
664.0,26,3,8,89.2
666.0,23,2,9,89.2
668.0,25,3,9,89.2
670.0,24,1,9,89.2
672.0,24,3,9,89.2
674.0,26,3,9,89.2
676.0,24,2,8,89.1
678.0,25,2,8,89.1
680.0,25,2,8,89.1
682.0,24,2,8,89.1
684.0,24,2,8,89.1
686.0,19,3,7,89.1
688.0,20,1,7,89.1
690.0,20,1,7,89.1
692.0,19,2,7,89.1
694.0,21,2,6,89.1
696.0,21,1,6,89.1
698.0,22,2,7,89.1
700.0,21,2,7,89.1
702.0,25,2,7,89.1
704.0,23,2,7,89.0
706.0,25,3,8,89.0
708.0,23,3,8,89.0
710.0,25,3,7,89.0
712.0,18,2,5,89.0
714.0,23,3,5,89.0
716.0,22,3,4,89.0
718.0,22,3,4,89.0
720.0,21,2,4,89.0
722.0,25,3,4,89.0
724.0,24,3,5,89.0
726.0,23,3,5,89.0
728.0,23,3,5,89.0
730.0,25,3,4,89.0
732.0,25,3,5,89.0
734.0,22,3,5,89.0
736.0,24,3,6,89.0
738.0,25,3,6,89.0
740.0,24,3,6,89.0
742.0,22,2,6,89.0
744.0,22,2,6,89.0
746.0,24,3,7,89.0
748.0,24,3,7,89.0
750.0,21,3,7,89.0
752.0,21,2,5,89.0
754.0,23,2,5,89.0
756.0,24,2,5,89.0
758.0,24,3,6,89.0
760.0,23,3,6,89.0
762.0,24,3,6,89.0
764.0,21,2,5,89.0
766.0,21,2,5,89.0
768.0,19,1,5,89.0
770.0,19,1,5,89.0
772.0,25,3,5,89.0
774.0,23,3,5,89.1
776.0,18,2,4,89.1
778.0,24,2,4,89.1
780.0,23,2,4,89.1
782.0,23,3,4,89.1
784.0,26,3,4,89.1
786.0,26,3,4,89.1
788.0,26,3,4,89.1
790.0,26,3,4,89.1
792.0,23,2,4,89.1
794.0,25,2,4,89.1
796.0,24,3,4,89.1
798.0,24,2,4,89.1
800.0,21,2,4,89.1
802.0,19,2,4,89.2
804.0,18,0,4,89.2
806.0,20,2,3,89.2
808.0,23,2,3,89.1
810.0,22,2,3,89.1
812.0,21,1,3,89.1
814.0,20,3,3,89.1
816.0,22,3,3,89.1
818.0,23,3,3,89.1
820.0,21,2,4,89.1
822.0,23,3,4,89.1
824.0,25,4,3,89.1
826.0,23,4,3,89.1
828.0,23,3,3,89.1
830.0,23,3,4,89.1
832.0,25,3,4,89.1
834.0,25,3,4,89.1
836.0,22,3,3,89.1
838.0,23,3,4,89.1
840.0,24,3,3,89.1
842.0,24,3,4,89.1
844.0,24,3,4,89.0
846.0,24,2,3,89.0
848.0,23,2,3,89.0
850.0,23,2,3,89.0
852.0,23,2,3,89.0
854.0,22,2,3,89.0
856.0,24,2,3,89.0
858.0,25,3,3,89.0
860.0,26,3,3,89.0
862.0,25,3,3,89.0
864.0,26,3,3,89.0
866.0,25,4,3,89.0
868.0,24,4,3,89.0
870.0,24,4,3,89.0
872.0,24,4,3,89.0
874.0,24,4,3,89.0
876.0,22,2,3,89.0
878.0,24,2,3,89.0
880.0,21,2,2,88.8
882.0,21,2,2,89.0
884.0,23,2,2,88.8
886.0,21,2,2,88.8
888.0,25,3,2,88.8
890.0,22,3,3,88.8
892.0,24,3,3,88.8
894.0,24,3,3,88.8
896.0,23,2,2,88.8
898.0,23,3,2,88.8
900.0,24,3,2,88.8
902.0,25,3,2,88.8
904.0,25,3,2,88.8
906.0,24,3,2,88.8
908.0,23,3,2,88.8
910.0,23,2,2,88.8
912.0,23,2,2,88.8
914.0,21,1,1,88.8
916.0,20,2,1,88.8
918.0,21,2,0,88.8
920.0,22,2,0,88.8
922.0,22,2,0,88.8
924.0,21,2,0,88.7
926.0,18,1,0,88.7
928.0,21,2,0,88.7
930.0,19,2,1,88.7
932.0,22,2,1,88.7
934.0,21,2,0,88.7
936.0,21,2,1,88.7
938.0,23,2,1,88.7
940.0,23,2,2,88.7
942.0,24,2,2,88.7
944.0,23,2,2,88.7
946.0,25,2,2,88.7
948.0,24,2,3,88.7
950.0,24,2,3,88.7
952.0,24,3,3,88.7
954.0,25,2,3,88.7
956.0,24,2,2,88.6
958.0,23,2,2,88.6
960.0,24,2,2,88.6
962.0,25,2,2,88.6
964.0,24,2,2,88.6
966.0,23,2,2,88.6
968.0,21,2,3,88.6
970.0,22,2,2,88.6
972.0,23,2,2,88.6
974.0,23,2,2,88.6
976.0,23,2,3,88.6
978.0,23,2,4,88.6
980.0,21,2,4,88.6
982.0,18,2,4,88.6
984.0,21,2,4,88.6
986.0,20,2,4,88.6
988.0,23,2,4,88.6
990.0,20,2,3,88.6
992.0,21,3,3,88.6
994.0,21,2,3,88.6
996.0,20,2,4,88.6
998.0,23,2,4,88.6
1000.0,24,2,4,88.5
1002.0,23,2,4,88.5
1004.0,25,2,4,88.6
1006.0,22,2,3,88.6
1008.0,21,2,3,88.6
1010.0,23,2,3,88.6
1012.0,20,2,3,88.6
1014.0,23,2,3,88.6
1016.0,21,2,4,88.7
1018.0,24,2,4,88.7
1020.0,21,2,4,88.7
1022.0,22,2,4,88.7
1024.0,24,2,4,88.7
1026.0,22,2,4,88.7
1028.0,21,2,3,88.7
1030.0,22,2,3,88.7
1032.0,23,2,3,88.7
1034.0,20,2,3,88.7
1036.0,21,2,3,88.7
1038.0,20,2,3,88.7
1040.0,23,2,3,88.7
1042.0,23,2,4,88.7
1044.0,24,2,4,88.7
1046.0,22,2,4,88.7
1048.0,23,2,6,88.7
1050.0,22,2,6,88.7
1052.0,25,2,6,88.7
1054.0,25,2,6,88.7
1056.0,25,2,6,88.7
1058.0,26,2,6,88.7
1060.0,24,2,6,88.7
1062.0,21,1,6,88.7
1064.0,24,3,7,88.7
1066.0,25,2,7,88.7
1068.0,25,2,7,88.7
1070.0,25,3,7,88.7
1072.0,25,3,7,88.7
1074.0,24,3,6,88.7
1076.0,23,2,7,88.7
1078.0,21,1,7,88.7
1080.0,24,2,7,88.7
1082.0,24,2,7,88.7
1084.0,24,2,7,88.7
1086.0,23,2,6,88.7
1088.0,22,2,6,88.7
1090.0,22,3,6,88.7
1092.0,23,3,6,88.7
1094.0,23,3,6,88.7
1096.0,23,3,6,88.7
1098.0,22,2,6,88.7
1100.0,23,2,6,88.7
1102.0,23,2,6,88.7
1104.0,23,2,6,88.7
1106.0,23,2,6,88.7
1108.0,24,2,6,88.7
1110.0,24,2,6,88.7
1112.0,24,2,6,88.7
1114.0,23,2,7,88.7
1116.0,22,2,7,88.7
1118.0,23,2,7,88.7
1120.0,21,2,7,88.7
1122.0,23,2,7,88.7
1124.0,22,2,8,88.7
1126.0,21,2,8,88.7
1128.0,22,2,8,88.7
1130.0,24,2,8,88.7
1132.0,23,3,8,88.7
1134.0,20,2,7,88.7
1136.0,23,2,7,88.7
1138.0,23,2,7,88.7
1140.0,24,2,7,88.7
1142.0,23,2,7,88.7
1144.0,23,2,7,88.7
1146.0,18,2,7,88.7
1148.0,23,2,8,88.7
1150.0,24,2,8,88.7
1152.0,21,2,7,88.6
1154.0,26,2,7,88.6
1156.0,25,2,7,88.6
1158.0,26,2,7,88.6
1160.0,26,2,8,88.6
1162.0,25,2,8,88.6
1164.0,26,2,9,88.6
1166.0,26,2,9,88.6
1168.0,26,2,9,88.6
1170.0,24,2,9,88.6
1172.0,24,2,10,88.6
1174.0,25,2,10,88.6
1176.0,25,3,10,88.6
1178.0,25,3,10,88.6
1180.0,23,2,10,88.6
1182.0,23,3,10,88.6
1184.0,23,3,10,88.6
1186.0,22,3,9,88.6
1188.0,25,3,9,88.6
1190.0,25,3,9,88.6
1192.0,23,2,7,88.6
1194.0,21,2,6,88.6
1196.0,22,2,6,88.6
1198.0,20,2,6,88.6
1200.0,20,1,6,88.6
1202.0,17,1,4,88.6
1204.0,18,2,3,88.6
1206.0,20,1,4,88.6
1208.0,19,2,4,88.5
1210.0,20,1,4,88.5
1212.0,19,1,4,88.5
1214.0,20,1,3,88.4
1216.0,21,3,2,88.4
1218.0,22,2,1,88.4
1220.0,20,2,2,88.4
1222.0,24,2,2,88.4
1224.0,23,2,2,88.4
1226.0,24,2,2,88.4
1228.0,25,3,2,88.4
1230.0,23,2,2,88.4
1232.0,23,2,2,88.4
1234.0,23,2,2,88.4
1236.0,23,3,2,88.4
1238.0,23,2,2,88.4
1240.0,23,3,2,88.4
1242.0,23,3,2,88.4
1244.0,24,3,2,88.4
1246.0,22,4,2,88.4
1248.0,23,4,3,88.4
1250.0,23,3,3,88.4
1252.0,24,2,3,88.4
1254.0,23,2,3,88.4
1256.0,24,2,3,88.4
1258.0,24,2,3,88.4
1260.0,25,2,3,88.4
1262.0,24,2,3,88.4
1264.0,25,2,3,88.4
1266.0,24,2,3,88.4
1268.0,26,2,3,88.4
1270.0,25,2,3,88.3
1272.0,26,2,3,88.3
1274.0,25,2,4,88.3
1276.0,25,2,4,88.3
1278.0,22,2,3,88.3
1280.0,24,2,3,88.3
1282.0,25,3,3,88.3
1284.0,22,2,3,88.3
1286.0,24,3,3,88.3
1288.0,22,4,3,88.3
1290.0,23,3,3,88.3
1292.0,26,4,3,88.3
1294.0,25,5,4,88.3
1296.0,24,4,4,88.3
1298.0,23,4,4,88.3
1300.0,25,4,4,88.3
1302.0,22,3,4,88.3
1304.0,23,3,4,88.3
1306.0,22,4,4,88.3
1308.0,25,5,5,88.3
1310.0,25,5,5,88.2
1312.0,25,5,5,88.2
1314.0,24,5,6,88.2
1316.0,24,5,6,88.2
1318.0,23,5,6,88.2
1320.0,25,5,6,88.2
1322.0,23,5,6,88.2
1324.0,22,3,5,88.2
1326.0,19,3,5,88.2
1328.0,25,5,6,88.2
1330.0,22,5,6,88.2
1332.0,23,5,6,88.2
1334.0,24,5,6,88.2
1336.0,25,5,8,88.2
1338.0,22,4,8,88.2
1340.0,25,3,8,88.2
1342.0,21,1,9,88.2
1344.0,22,1,7,88.2
1346.0,21,2,7,88.2
1348.0,19,1,7,88.1
1350.0,23,2,9,88.1
1352.0,20,1,8,88.1
1354.0,25,3,8,88.1
1356.0,24,3,7,88.1
1358.0,26,4,8,88.1
1360.0,25,4,8,88.1
1362.0,25,4,8,88.1
1364.0,23,2,8,88.1
1366.0,24,4,7,88.1
1368.0,23,3,7,88.1
1370.0,23,3,7,88.1
1372.0,22,3,7,88.1
1374.0,24,4,6,88.1
1376.0,21,3,6,88.1
1378.0,24,4,6,88.1
1380.0,25,4,6,88.1
1382.0,25,4,5,88.1
1384.0,25,4,5,88.1
1386.0,25,3,5,88.1
1388.0,26,4,5,88.0
1390.0,26,4,5,88.0
1392.0,25,4,5,88.0
1394.0,25,4,5,88.0
1396.0,24,3,5,88.0
1398.0,25,4,5,88.0
1400.0,24,3,5,88.0
1402.0,23,2,4,88.0
1404.0,23,2,4,88.0
1406.0,23,3,5,88.0
1408.0,23,2,5,88.0
1410.0,23,2,5,88.0
1412.0,20,2,4,87.9
1414.0,24,2,4,87.9
1416.0,24,2,4,87.9
1418.0,24,2,4,87.9
1420.0,23,2,4,87.9
1422.0,21,2,3,87.9
1424.0,23,2,3,87.9
1426.0,23,2,3,87.9
1428.0,24,2,3,87.9
1430.0,24,2,3,87.9
1432.0,21,1,3,87.9
1434.0,23,3,3,87.9
1436.0,24,2,3,87.9
1438.0,23,2,3,87.9
1440.0,25,3,4,87.9
1442.0,26,3,4,87.9
1444.0,23,3,4,87.9
1446.0,24,2,3,87.9
1448.0,24,2,3,87.8
1450.0,24,2,3,87.8
1452.0,23,1,3,87.8
1454.0,24,2,3,87.8
1456.0,25,2,3,87.8
1458.0,24,2,3,87.8
1460.0,24,2,3,87.8
1462.0,20,3,2,87.8
1464.0,24,3,5,87.8
1466.0,23,2,3,87.8
1468.0,18,2,3,87.8
1470.0,24,3,4,87.8
1472.0,21,2,3,87.8
1474.0,22,2,5,87.8
1476.0,24,3,4,87.8
1478.0,22,3,5,87.8
1480.0,24,4,5,87.8
1482.0,21,2,5,87.7
1484.0,22,3,3,87.7
1486.0,19,2,3,87.7
1488.0,22,2,3,87.7
1490.0,21,2,3,87.7
1492.0,22,2,3,87.7
1494.0,24,2,3,87.7
1496.0,19,1,3,87.7
1498.0,25,2,4,87.7
1500.0,25,2,4,87.7
1502.0,26,1,4,87.7
1504.0,25,1,4,87.7
1506.0,26,1,4,87.7
1508.0,25,1,4,87.6
1510.0,26,2,4,87.6
1512.0,26,2,4,87.6
1514.0,23,2,3,87.6
1516.0,25,3,2,87.6
1518.0,26,3,2,87.6
1520.0,24,3,2,87.6
1522.0,21,1,2,87.6
1524.0,25,2,2,87.6
1526.0,26,2,2,87.6
1528.0,22,3,2,87.6
1530.0,25,2,2,87.6
1532.0,26,2,2,87.6
1534.0,26,2,2,87.6
1536.0,24,2,2,87.6
1538.0,26,2,2,87.6
1540.0,26,2,2,87.6
1542.0,26,2,2,87.6
1544.0,25,2,2,87.6
1546.0,24,2,2,87.6
1548.0,25,2,2,87.6
1550.0,23,1,2,87.6
1552.0,26,1,2,87.6
1554.0,24,1,2,87.6
1556.0,26,1,2,87.6
1558.0,25,1,2,87.5
1560.0,25,1,2,87.5
1562.0,25,1,2,87.5
1564.0,23,1,2,87.5
1566.0,26,1,2,87.5
1568.0,26,1,2,87.5
1570.0,25,1,2,87.5
1572.0,26,1,2,87.5
1574.0,26,1,2,87.5
1576.0,26,2,2,87.5
1578.0,26,1,2,87.5
1580.0,24,1,2,87.5
1582.0,24,0,2,87.5
1584.0,24,1,2,87.5
1586.0,20,1,3,87.5
1588.0,25,1,3,87.5
1590.0,26,1,4,87.5
1592.0,24,1,3,87.5
1594.0,25,1,4,87.5
1596.0,24,1,4,87.5
1598.0,25,2,4,87.5
1600.0,23,1,4,87.5
1602.0,24,1,5,87.5
1604.0,24,1,5,87.5
1606.0,23,1,5,87.5
1608.0,24,1,5,87.5
1610.0,24,1,6,87.5
1612.0,25,1,6,87.5
1614.0,25,1,6,87.5
1616.0,25,1,6,87.5
1618.0,26,2,7,87.5
1620.0,24,1,5,87.5
1622.0,26,2,5,87.5
1624.0,24,2,5,87.5
1626.0,26,2,6,87.5
1628.0,26,2,6,87.5
1630.0,25,2,6,87.5
1632.0,23,1,7,87.5
1634.0,24,2,7,87.5
1636.0,22,2,8,87.5
1638.0,24,3,8,87.5
1640.0,25,2,8,87.5
1642.0,21,2,7,87.5
1644.0,21,2,7,87.5
1646.0,26,3,7,87.5
1648.0,26,3,8,87.6
1650.0,25,3,9,87.6
1652.0,25,3,9,87.6
1654.0,21,2,8,87.6
1656.0,25,3,8,87.6
1658.0,24,3,8,87.6
1660.0,25,3,8,87.6
1662.0,23,3,8,87.6
1664.0,23,2,8,87.6
1666.0,24,2,8,87.6
1668.0,21,1,8,87.6
1670.0,23,1,8,87.6
1672.0,26,2,9,87.6
1674.0,26,2,9,87.6
1676.0,25,2,9,87.7
1678.0,25,2,8,87.7
1680.0,25,1,8,87.7
1682.0,26,1,8,87.7
1684.0,26,1,9,87.7
1686.0,25,1,9,87.7
1688.0,23,1,9,87.7
1690.0,21,1,8,87.7
1692.0,25,1,9,87.7
1694.0,22,1,9,87.7
1696.0,24,1,9,87.7
1698.0,24,1,9,87.7
1700.0,23,1,8,87.7
1702.0,23,1,8,87.7
1704.0,21,1,6,87.7
1706.0,20,1,6,87.7
1708.0,24,1,8,87.7
1710.0,21,1,8,87.7
1712.0,24,1,8,87.7
1714.0,23,1,7,87.7
1716.0,25,1,8,87.7
1718.0,23,1,5,87.7
1720.0,24,1,4,87.7
1722.0,23,2,4,87.7
1724.0,23,2,4,87.7
1726.0,25,1,4,87.7
1728.0,23,1,4,87.7
1730.0,24,1,4,87.7
1732.0,24,1,5,87.7
1734.0,24,1,5,87.8
1736.0,26,1,5,87.8
1738.0,24,1,4,87.8
1740.0,23,1,4,87.8
1742.0,24,1,5,87.8
1744.0,24,2,5,87.8
1746.0,25,1,5,87.8
1748.0,26,1,5,87.8
1750.0,26,1,5,87.8
1752.0,24,1,5,87.8
1754.0,25,2,5,87.8
1756.0,24,2,5,87.8
1758.0,24,2,5,87.8
1760.0,25,1,5,87.8
1762.0,23,1,5,87.8
1764.0,23,1,5,87.8
1766.0,22,1,6,87.8
1768.0,25,1,7,87.8
1770.0,24,1,6,87.8
1772.0,19,1,5,87.8
1774.0,24,2,5,87.8
1776.0,24,2,4,87.8
1778.0,26,2,4,87.8
1780.0,25,2,4,87.8
1782.0,26,2,4,87.8
1784.0,23,2,4,87.8
1786.0,24,2,4,87.8
1788.0,26,2,4,87.8
1790.0,21,2,4,87.8
1792.0,21,2,5,87.8
1794.0,24,1,5,87.8
1796.0,19,2,5,87.8
1798.0,23,1,6,87.8
1800.0,24,1,5,87.8
1802.0,22,0,5,87.8
1804.0,20,2,4,87.8
1806.0,19,0,4,87.8
1808.0,19,1,4,87.8
1810.0,21,0,4,87.8
1812.0,23,1,4,87.8
1814.0,22,1,3,87.9
1816.0,21,1,2,87.9
1818.0,20,1,3,87.9
1820.0,21,1,3,87.9
1822.0,23,1,3,88.0
1824.0,20,2,3,88.0
1826.0,20,1,3,88.0
1828.0,20,2,2,88.0
1830.0,22,2,2,88.0
1832.0,21,2,3,88.0
1834.0,21,2,2,88.0
1836.0,22,2,2,88.0
1838.0,18,1,2,88.0
1840.0,22,2,3,88.1
1842.0,23,1,3,88.1
1844.0,25,1,3,88.1
1846.0,23,1,4,88.1
1848.0,22,0,4,88.1
1850.0,22,0,4,88.1
1852.0,23,0,4,88.1
1854.0,20,1,4,88.1
1856.0,23,1,3,88.1
1858.0,23,1,3,88.1
1860.0,26,1,3,88.1
1862.0,26,1,3,88.1
1864.0,24,1,3,88.2
1866.0,24,1,3,88.2
1868.0,24,1,3,88.2
1870.0,24,1,3,88.2
1872.0,22,0,3,88.2
1874.0,24,1,3,88.2
1876.0,24,1,3,88.2
1878.0,25,1,3,88.3
1880.0,24,1,3,88.3
1882.0,23,1,2,88.3
1884.0,23,1,3,88.3
1886.0,22,1,3,88.3
1888.0,24,2,3,88.3
1890.0,24,2,3,88.3
1892.0,23,2,4,88.3
1894.0,25,2,4,88.3
1896.0,26,2,4,88.3
1898.0,26,2,4,88.3
1900.0,26,2,3,88.3
1902.0,25,2,3,88.3
1904.0,24,2,3,88.3
1906.0,25,2,3,88.3
1908.0,20,1,3,88.3
1910.0,23,2,3,88.3
1912.0,21,2,3,88.4
1914.0,23,1,2,88.4
1916.0,25,2,2,88.4
1918.0,26,1,2,88.4
1920.0,24,1,2,88.4
1922.0,24,1,2,88.4
1924.0,25,1,2,88.4
1926.0,23,1,3,88.4
1928.0,24,1,3,88.4
1930.0,25,1,3,88.4
1932.0,25,1,3,88.4
1934.0,24,1,3,88.5
1936.0,26,1,3,88.5
1938.0,25,2,2,88.5
1940.0,24,1,2,88.5
1942.0,25,1,3,88.5
1944.0,25,1,3,88.6
1946.0,25,1,3,88.6
1948.0,24,1,3,88.6
1950.0,24,1,3,88.6
1952.0,24,1,3,88.6
1954.0,24,1,3,88.6
1956.0,25,1,3,88.7
1958.0,24,1,3,88.7
1960.0,25,1,3,88.7
1962.0,23,1,3,88.7
1964.0,26,1,3,88.7
1966.0,24,1,3,88.7
1968.0,26,1,3,88.8
1970.0,24,1,2,88.8
1972.0,26,1,3,88.8
1974.0,26,1,3,88.8
1976.0,26,1,4,88.8
1978.0,24,1,4,88.8
1980.0,25,2,3,88.8
1982.0,26,2,3,88.8
1984.0,23,2,3,88.8
1986.0,25,2,4,88.8
1988.0,23,1,4,88.8
1990.0,19,1,3,88.8
1992.0,21,0,4,88.8
1994.0,25,2,4,88.8
1996.0,24,2,4,88.8
1998.0,25,2,4,88.9
2000.0,22,1,4,88.9
2002.0,24,1,4,88.9
2004.0,23,1,4,88.9
2006.0,24,2,4,88.9
2008.0,23,2,4,88.8
2010.0,25,2,4,88.8
2012.0,24,2,4,88.9
2014.0,24,1,4,88.9
2016.0,24,2,3,88.9
2018.0,26,3,3,88.9
2020.0,24,3,3,88.9
2022.0,22,1,3,88.9
2024.0,25,2,3,88.9
2026.0,25,3,3,88.9
2028.0,26,3,3,88.9
2030.0,26,3,3,88.9
2032.0,22,2,3,88.9
2034.0,22,2,3,89.0
2036.0,25,3,4,89.0
2038.0,24,3,4,89.0
2040.0,25,3,4,89.0
2042.0,26,3,4,89.0
2044.0,25,2,5,89.0
2046.0,26,2,5,89.0
2048.0,25,2,5,89.0
2050.0,26,2,6,89.0
2052.0,26,2,6,89.0
2054.0,26,2,6,89.0
2056.0,25,1,6,89.1
2058.0,25,2,6,89.1
2060.0,26,2,6,89.1
2062.0,24,2,6,89.1
2064.0,26,2,6,89.1
2066.0,25,2,5,89.1
2068.0,26,2,5,89.1
2070.0,26,2,5,89.2
2072.0,24,2,4,89.2
2074.0,24,2,4,89.2
2076.0,24,2,4,89.2
2078.0,25,3,3,89.2
2080.0,23,3,4,89.2
2082.0,22,2,6,89.2
2084.0,23,3,6,89.2
2086.0,23,2,6,89.2
2088.0,25,3,6,89.2
2090.0,25,2,6,89.2
2092.0,22,1,5,89.2
2094.0,22,2,5,89.2
2096.0,22,1,5,89.2
2098.0,25,2,5,89.2
2100.0,23,1,5,89.2
2102.0,23,2,5,89.2
2104.0,26,2,5,89.2
2106.0,26,2,6,89.2
2108.0,26,2,6,89.2
2110.0,23,1,6,89.2
2112.0,23,2,6,89.2
2114.0,24,1,6,89.2
2116.0,25,2,6,89.2
2118.0,26,2,6,89.2
2120.0,25,2,6,89.2
2122.0,23,1,6,89.2
2124.0,23,2,7,89.2
2126.0,23,1,6,89.2
2128.0,23,2,8,89.2
2130.0,26,3,8,89.2
2132.0,23,2,7,89.2
2134.0,22,2,5,89.2
2136.0,22,2,6,89.2
2138.0,21,1,5,89.2
2140.0,21,2,6,89.2
2142.0,22,2,6,89.2
2144.0,24,2,8,89.2
2146.0,23,3,8,89.2
2148.0,22,2,9,89.2
2150.0,24,2,8,89.2
2152.0,23,2,8,89.2
2154.0,22,2,8,89.2
2156.0,22,2,8,89.2
2158.0,22,2,6,89.2
2160.0,21,2,7,89.2
2162.0,23,1,7,89.2
2164.0,23,2,7,89.2
2166.0,22,1,6,89.2
2168.0,24,3,7,89.2
2170.0,22,2,7,89.2
2172.0,25,3,7,89.2
2174.0,25,3,7,89.2
2176.0,23,3,7,89.2
2178.0,26,3,7,89.2
2180.0,25,3,7,89.2
2182.0,25,3,7,89.2
2184.0,26,3,8,89.2
2186.0,25,3,8,89.2
2188.0,26,3,8,89.2
2190.0,25,2,8,89.2
2192.0,25,2,8,89.2
2194.0,24,2,8,89.2
2196.0,25,3,8,89.2
2198.0,25,3,8,89.2
2200.0,26,3,8,89.2
2202.0,25,3,8,89.2
2204.0,25,3,9,89.2
2206.0,25,3,10,89.2
2208.0,26,3,10,89.2
2210.0,26,3,10,89.2
2212.0,26,3,10,89.2
2214.0,26,3,10,89.2
2216.0,26,3,10,89.2
2218.0,26,3,11,89.2
2220.0,26,3,11,89.2
2222.0,24,2,10,89.2
2224.0,24,2,10,89.2
2226.0,26,2,10,89.2
2228.0,24,2,9,89.2
2230.0,25,2,9,89.2
2232.0,26,3,9,89.2
2234.0,24,3,9,89.2
2236.0,22,3,9,89.2
2238.0,25,3,8,89.2
2240.0,25,3,8,89.2
2242.0,25,3,8,89.2
2244.0,24,3,8,89.1
2246.0,24,3,8,89.1
2248.0,21,1,8,89.1
2250.0,23,1,8,89.1
2252.0,22,1,7,89.1
2254.0,23,2,9,89.1
2256.0,24,1,8,89.0
2258.0,25,2,8,89.0
2260.0,24,1,8,89.0
2262.0,24,2,8,89.0
2264.0,24,2,9,88.9
2266.0,26,3,9,88.9
2268.0,26,3,10,88.9
2270.0,25,2,10,88.9
2272.0,25,2,10,88.9
2274.0,25,3,10,88.9
2276.0,23,2,9,88.9
2278.0,25,3,9,88.9
2280.0,25,2,8,88.9
2282.0,24,1,8,88.9
2284.0,25,2,8,88.9
2286.0,25,2,8,88.9
2288.0,23,3,8,88.9
2290.0,25,3,8,88.9
2292.0,25,3,8,88.9
2294.0,26,3,8,88.9
2296.0,24,2,8,88.9
2298.0,24,2,8,88.9
2300.0,23,2,9,88.9
2302.0,24,3,8,88.9
2304.0,25,3,8,89.0
